CREATE DATABASE QUANLYLUONG
GO

USE QUANLYLUONG
GO

CREATE TABLE  PHONG_BAN (
 MaPB VARCHAR(10) NOT NULL PRIMARY KEY,
 TenPB NVARCHAR(40),
 SoLuongNV INT
 )
 GO

 CREATE TABLE CHUC_VU (
 MaCV VARCHAR(10) NOT NULL PRIMARY KEY,
 TenCV NVARCHAR(40)
 )
 GO

 CREATE TABLE NHAN_VIEN (
 MaNV VARCHAR(10) NOT NULL PRIMARY KEY,
 TenNV NVARCHAR(40), 
 GioiTinhNV NCHAR(3),
 DiaChi NVARCHAR(100),
 SDT CHAR(10),
 MaPB VARCHAR(10),
 MaCV VARCHAR(10),
 HeSoLuong DECIMAL(5,2),
 FOREIGN KEY (MaPB) REFERENCES PHONG_BAN(MaPB),
 FOREIGN KEY (MaCV) REFERENCES CHUC_VU(MaCV)
 )
 GO

 CREATE TABLE CHAM_CONG (
 MaCC VARCHAR(10) NOT NULL PRIMARY KEY,
 MaNV VARCHAR(10) NOT NULL,
 SoNgayCong INT,
 SoGioLam INT,
 FOREIGN KEY (MaNV) REFERENCES NHAN_VIEN(MaNV)
 )
 GO

CREATE TABLE THUONG_KHAUTRU (
 MaGD CHAR(10) NOT NULL PRIMARY KEY,
 MaNV VARCHAR(10) NOT NULL,
 Thuong DECIMAL(10,2),
 LDThuong NVARCHAR(100),
 KhauTru DECIMAL(10,2),
 LDKhauTru NVARCHAR(100),
 FOREIGN KEY (MaNV) REFERENCES NHAN_VIEN(MaNV)
 )
 GO

 CREATE TABLE BANG_LUONG (
 MaBL VARCHAR(10) NOT NULL PRIMARY KEY,
 MaNV VARCHAR(10) NOT NULL,
 LuongCoBan DECIMAL(10,2),
 SoNgayCong INT,
 HeSoLuong DECIMAL(5,2),
 Thuong DECIMAL(10,2),
 KhauTru DECIMAL(10,2),
 TongLuong DECIMAL(10,2),
 FOREIGN KEY (MaNV) REFERENCES NHAN_VIEN(MaNV)
 )
 GO

 INSERT INTO PHONG_BAN(MaPB,TenPB,SoLuongNV)VALUES('NS01',N'Nhân sự',4)
INSERT INTO PHONG_BAN(MaPB,TenPB,SoLuongNV)VALUES('MKT02',N'Marketing',2)
INSERT INTO PHONG_BAN(MaPB,TenPB,SoLuongNV)VALUES('KT03',N'Kế toán',2)
INSERT INTO PHONG_BAN(MaPB,TenPB,SoLuongNV)VALUES('IT04',N'Information Technology',2)
GO

INSERT INTO CHUC_VU(MaCV,TenCV)VALUES('NV',N'Nhân viên')
INSERT INTO CHUC_VU(MaCV,TenCV)VALUES('TP',N'Trưởng phòng')
GO

INSERT INTO NHAN_VIEN(MaNV,TenNV,GioitinhNV,Diachi,SDT,MaPB,MaCV,HeSoLuong)VALUES('A101',N'Nguyễn Thái An',N'Nam',N'Hà Nội','0981059295','NS01','NV',3.5)
INSERT INTO NHAN_VIEN(MaNV,TenNV,GioitinhNV,Diachi,SDT,MaPB,MaCV,HeSoLuong)VALUES('A207',N'Nguyễn Kim Anh',N'Nữ',N'Hà Nội','0365829905','MKT02','TP',5)
INSERT INTO NHAN_VIEN(MaNV,TenNV,GioitinhNV,Diachi,SDT,MaPB,MaCV,HeSoLuong)VALUES('A305',N'Nguyễn Trần Thảo Anh',N'Nữ',N'Bắc Ninh','0878865576','NS01','NV',4)
INSERT INTO NHAN_VIEN(MaNV,TenNV,GioitinhNV,Diachi,SDT,MaPB,MaCV,HeSoLuong)VALUES('A109',N'Trần Thị Ngọc Ánh',N'Nữ',N'Nam Định','0869499791','KT03','NV',4)
INSERT INTO NHAN_VIEN(MaNV,TenNV,GioitinhNV,Diachi,SDT,MaPB,MaCV,HeSoLuong)VALUES('A301',N'Nguyễn Đức Bình',N'Nam',N'Hà Nội','0981772005','IT04','NV',4.5)
INSERT INTO NHAN_VIEN(MaNV,TenNV,GioitinhNV,Diachi,SDT,MaPB,MaCV,HeSoLuong)VALUES('A214',N'Nguyễn Mai Chi',N'Nữ',N'Hà Nội','0327853616','IT04','TP',5.1)
INSERT INTO NHAN_VIEN(MaNV,TenNV,GioitinhNV,Diachi,SDT,MaPB,MaCV,HeSoLuong)VALUES('A523',N'Trần Thị Mai Chi',N'Nữ',N'Hòa Bình','0979941229','NS01','NV',3.8)
INSERT INTO NHAN_VIEN(MaNV,TenNV,GioitinhNV,Diachi,SDT,MaPB,MaCV,HeSoLuong)VALUES('A321',N'Trịnh Thị Kim Chi',N'Nữ',N'Hòa Bình','0327108200','KT03','TP',5.15)
INSERT INTO NHAN_VIEN(MaNV,TenNV,GioitinhNV,Diachi,SDT,MaPB,MaCV,HeSoLuong)VALUES('A233',N'Nông Phương Diệp',N'Nữ',N'Cao Bằng','0854747613','NS01','TP',4.95)
INSERT INTO NHAN_VIEN(MaNV,TenNV,GioitinhNV,Diachi,SDT,MaPB,MaCV,HeSoLuong)VALUES('A532',N'Trịnh Thị Huyền Diệu',N'Nữ',N'Thái Bình','0866043932','MKT02','NV',4.37)
GO

INSERT INTO CHAM_CONG(MaCC,MaNV,SoNgayCong,SoGioLam)VALUES('CC01','A101',26,208)
INSERT INTO CHAM_CONG(MaCC,MaNV,SoNgayCong,SoGioLam)VALUES('CC02','A207',25,200)
INSERT INTO CHAM_CONG(MaCC,MaNV,SoNgayCong,SoGioLam)VALUES('CC03','A305',27,216)
INSERT INTO CHAM_CONG(MaCC,MaNV,SoNgayCong,SoGioLam)VALUES('CC04','A109',24,192)
INSERT INTO CHAM_CONG(MaCC,MaNV,SoNgayCong,SoGioLam)VALUES('CC05','A301',25,200)
INSERT INTO CHAM_CONG(MaCC,MaNV,SoNgayCong,SoGioLam)VALUES('CC06','A214',27,216)
INSERT INTO CHAM_CONG(MaCC,MaNV,SoNgayCong,SoGioLam)VALUES('CC07','A523',27,216)
INSERT INTO CHAM_CONG(MaCC,MaNV,SoNgayCong,SoGioLam)VALUES('CC08','A321',26,208)
INSERT INTO CHAM_CONG(MaCC,MaNV,SoNgayCong,SoGioLam)VALUES('CC09','A233',27,216)
INSERT INTO CHAM_CONG(MaCC,MaNV,SoNgayCong,SoGioLam)VALUES('CC10','A532',25,200)
GO

INSERT INTO THUONG_KHAUTRU(MaGD,MaNV,Thuong,LDThuong,KhauTru,LDKhauTru)VALUES('GD01','A101',0,NULL,100000,N'Đền bàn phím')
INSERT INTO THUONG_KHAUTRU(MaGD,MaNV,Thuong,LDThuong,KhauTru,LDKhauTru)VALUES('GD02','A207',1200000,N'Vượt KPI',200000,N'Nghỉ ngày công')
INSERT INTO THUONG_KHAUTRU(MaGD,MaNV,Thuong,LDThuong,KhauTru,LDKhauTru)VALUES('GD03','A305',500000,N'Thưởng chuyên cần',0,NULL)
INSERT INTO THUONG_KHAUTRU(MaGD,MaNV,Thuong,LDThuong,KhauTru,LDKhauTru)VALUES('GD04','A109',0,NULL,700000,N'Đền bình sứ')
INSERT INTO THUONG_KHAUTRU(MaGD,MaNV,Thuong,LDThuong,KhauTru,LDKhauTru)VALUES('GD05','A301',300000,N'Vượt KPI',200000,N'Nghỉ ngày công')
INSERT INTO THUONG_KHAUTRU(MaGD,MaNV,Thuong,LDThuong,KhauTru,LDKhauTru)VALUES('GD06','A214',500000,N'Thưởng chuyên cần',100000,N'Đền chuột')
INSERT INTO THUONG_KHAUTRU(MaGD,MaNV,Thuong,LDThuong,KhauTru,LDKhauTru)VALUES('GD07','A523',500000,N'Thưởng chuyên cần',0,NULL)
INSERT INTO THUONG_KHAUTRU(MaGD,MaNV,Thuong,LDThuong,KhauTru,LDKhauTru)VALUES('GD08','A321',200000,N'Vượt KPI',100000,N'Nghỉ ngày công')
INSERT INTO THUONG_KHAUTRU(MaGD,MaNV,Thuong,LDThuong,KhauTru,LDKhauTru)VALUES('GD09','A233',500000,N'Thưởng chuyên cần',0,NULL)
INSERT INTO THUONG_KHAUTRU(MaGD,MaNV,Thuong,LDThuong,KhauTru,LDKhauTru)VALUES('GD10','A532',0,NULL,300000,N'Đền ghế văn phòng')
GO

INSERT INTO BANG_LUONG(MaBL,MaNV,LuongCoBan,SoNgayCong,HeSoLuong,Thuong,KhauTru,TongLuong)VALUES('BL01','A101',8190000,26,3.5,0,100000,7786666.667)
INSERT INTO BANG_LUONG(MaBL,MaNV,LuongCoBan,SoNgayCong,HeSoLuong,Thuong,KhauTru,TongLuong)VALUES('BL02','A207',11700000,25,5,1200000,200000,11833333.33)
INSERT INTO BANG_LUONG(MaBL,MaNV,LuongCoBan,SoNgayCong,HeSoLuong,Thuong,KhauTru,TongLuong)VALUES('BL03','A305',9360000,27,4,500000,0,9860000)
INSERT INTO BANG_LUONG(MaBL,MaNV,LuongCoBan,SoNgayCong,HeSoLuong,Thuong,KhauTru,TongLuong)VALUES('BL04','A109',9360000,24,4,0,700000,7620000)
INSERT INTO BANG_LUONG(MaBL,MaNV,LuongCoBan,SoNgayCong,HeSoLuong,Thuong,KhauTru,TongLuong)VALUES('BL05','A301',10530000,25,4.5,300000,200000,9850000)
INSERT INTO BANG_LUONG(MaBL,MaNV,LuongCoBan,SoNgayCong,HeSoLuong,Thuong,KhauTru,TongLuong)VALUES('BL06','A214',11934000,27,5.1,500000,100000,12334000)
INSERT INTO BANG_LUONG(MaBL,MaNV,LuongCoBan,SoNgayCong,HeSoLuong,Thuong,KhauTru,TongLuong)VALUES('BL07','A523',8892000,27,3.8,500000,0,9392000)
INSERT INTO BANG_LUONG(MaBL,MaNV,LuongCoBan,SoNgayCong,HeSoLuong,Thuong,KhauTru,TongLuong)VALUES('BL08','A321',12051000,26,5.15,200000,100000,11704666.67)
INSERT INTO BANG_LUONG(MaBL,MaNV,LuongCoBan,SoNgayCong,HeSoLuong,Thuong,KhauTru,TongLuong)VALUES('BL09','A233',11583000,27,4.95,500000,0,12083000)
INSERT INTO BANG_LUONG(MaBL,MaNV,LuongCoBan,SoNgayCong,HeSoLuong,Thuong,KhauTru,TongLuong)VALUES('BL10','A532',10225800,25,4.37,0,300000,9168333.333)
GO

SELECT *
FROM NHAN_VIEN
WHERE DiaChi = N'Hòa Bình'

SELECT *
FROM BANG_LUONG
WHERE HeSoLuong > 4
ORDER BY LuongCoBan ASC

SELECT *
FROM BANG_LUONG
WHERE TongLuong BETWEEN '8000000' AND '10000000'

SELECT *
FROM NHAN_VIEN
WHERE MaCV = 'TP'
ORDER BY HeSoLuong DESC

SELECT COUNT(*) as SoLuongNVNu
FROM NHAN_VIEN
WHERE GioiTinhNV = N'Nữ' AND MaPB='NS01'

SELECT DISTINCT NV.TenNV 
FROM NHAN_VIEN NV
JOIN THUONG_KHAUTRU TK ON NV.MaNV = TK.MaNV
WHERE TK.Thuong > 0 AND TK.KhauTru > 0

SELECT AVG(BL.TongLuong) AS TrungBinhLuongPhongKeToan
FROM BANG_LUONG BL
JOIN NHAN_VIEN NV ON BL.MaNV = NV.MaNV
WHERE NV.MaPB = 'KT03'

SELECT SUM(BL.TongLuong) AS TongLuongPhongMarketing
FROM BANG_LUONG BL
JOIN NHAN_VIEN NV ON BL.MaNV = NV.MaNV
WHERE NV.MaPB = 'MKT02'

SELECT NV.MaPB, PB.TenPB, AVG(BL.TongLuong) AS LuongTrungBinh
FROM NHAN_VIEN NV
JOIN BANG_LUONG BL ON NV.MaNV = BL.MaNV
JOIN PHONG_BAN PB ON NV.MaPB = PB.MaPB
GROUP BY NV.MaPB, PB.TenPB
HAVING AVG(BL.TongLuong) > 10000000

SELECT NV.MaNV, NV.TenNV, NV.MaPB, PB.TenPB, BL.TongLuong
FROM NHAN_VIEN NV
JOIN BANG_LUONG BL ON NV.MaNV = BL.MaNV
JOIN PHONG_BAN PB ON NV.MaPB = PB.MaPB
WHERE NV.MaPB IN (
    SELECT MaPB
    FROM NHAN_VIEN NV2
    JOIN BANG_LUONG BL2 ON NV2.MaNV = BL2.MaNV
    GROUP BY NV2.MaPB
    HAVING AVG(BL2.TongLuong) > 10000000)

SELECT NV.MaNV, NV.TenNV, NV.MaPB, PB.TenPB, BL.TongLuong
FROM NHAN_VIEN NV
JOIN BANG_LUONG BL ON NV.MaNV = BL.MaNV
JOIN PHONG_BAN PB ON NV.MaPB = PB.MaPB
WHERE BL.TongLuong = (
    SELECT MAX(BL2.TongLuong)
    FROM BANG_LUONG BL2
    JOIN NHAN_VIEN NV2 ON NV2.MaNV = BL2.MaNV
    WHERE NV2.MaPB = NV.MaPB)
